{"avg_cost": 3.8581511974334717, "nll": 7.421418190002441, "epoch": 99, "lr": 0.0001, "step": 10000, "_timestamp": 1707307695.2702756, "_runtime": 551.2866985797882, "_step": 10099, "val_avg_cost": 3.9289803504943848, "_wandb": {"runtime": 550}}