{"avg_cost": 3.834320068359375, "nll": 8.038240432739258, "epoch": 41, "lr": 0.0001, "step": 4150, "_timestamp": 1707307138.9777508, "_runtime": 230.73314881324768, "_step": 4191, "val_avg_cost": 3.972492218017578}